Title,Original URL
"美스피릿, 항공편 전체 취소 등 폐업. .",http://www.edaily.co.kr/news/newspath.asp?newsid=03027446645444984
성범죄자 엡스타인 옥중메모 확인… . .,https://www.munhwa.com/article/11586472?ref=naver
美증시 사상 최고치 경신…증권가도 . .,https://www.sedaily.com/article/20039571?ref=naver
"""63년전 디자인 재해석""…한정판으로. .",https://www.newsis.com/view/NISX20260430_0003612987
사상 최고 코스피 “너무 올랐다”…. .,https://economist.co.kr/article/view/ecn202605020016
"“내수시장 좁아서, 우리는 나갈게”. .",https://www.mk.co.kr/article/12034210
"""연말 日 기준금리 1.25%→1.50%…거. .",https://view.asiae.co.kr/article/2026042914163979467
‘황금의 10년 선점’ 글로벌 제약사. .,https://www.sedaily.com/article/20039575?ref=naver
'안전신고 연 1천만 건' LG 엑사원이. .,https://news.bizwatch.co.kr/article/industry/2026/04/30/0037
"""2030년까지 비트코인 10배"" '돈나무. .",https://view.asiae.co.kr/article/2026050213422223774
"1분기 성적표 받아 든 제약사들, 주가 가를 하반기 모멘텀은? [Why 바이오]",https://www.sedaily.com/article/20039560?ref=naver
이란 전쟁도 이겨낸 K증시…글로벌 투자자들 시선 달라졌다[마켓시그널],https://www.sedaily.com/article/20039527?ref=naver
코스피 6600에도 갈길 멀다는 ‘투자 여전사’…“ROE 중심 경영에 달렸다” [여의도란도..,https://www.mk.co.kr/article/12034170
"7,000선도 넘나…중동 전쟁 잊은 코스피 질주",http://www.yonhapnewstv.co.kr/news/MYH20260502091505iHp
뉴욕증시 S&P500 최고치 경신…나스닥도 0.89％↑,http://www.yonhapnewstv.co.kr/news/MYH20260502091412LP5
"주식시장 '나홀로 불장', 이란전쟁 속 체감경기와 온도차 왜?",https://www.yna.co.kr/view/AKR20260429187600008?input=1195m
[머니플로우] 투자자예탁금 130조원 육박…50여일만에 최고,https://www.yna.co.kr/view/AKR20260430192000008?input=1195m
증시활황에 증권사 보고서 건수도 늘었다…투자자 수요 증가,https://www.yna.co.kr/view/AKR20260501001000008?input=1195m
출범 30주년 맞은 韓파생상품시장…성장통 딛고 새 도약 모색,https://www.yna.co.kr/view/AKR20260430198000008?input=1195m
"삼성바이오로직스, 첫 총파업에 1500억 손실…항암제·HIV 치료제 생산 차질",https://www.sedaily.com/article/20039515?ref=naver
서학개미도 '반도체'에 화력집중,https://www.mk.co.kr/article/12033597
"""이제는 수출주라 불러주세요"" … 백화점·화장품·건설株 '질주'",https://www.mk.co.kr/article/12033596
"한은 금리 인상론 급부상…증권가 ""연말 3% 도달"" 전망",http://www.fnnews.com/news/202605011651473112
코스피 7000 눈앞…변동성 반등 속 개인은 ‘하락 베팅’ [이런국장 저런주식],https://www.sedaily.com/article/20039458?ref=naver
"“애들아, 아빠처럼 주식하면 안돼”…‘6년간 0%’ 고백 최귀화, 자녀 수익률에 깜놀",https://www.mk.co.kr/article/12033499
코스피 7000 문턱서 '숨고르기'…개미는 하락 베팅 '인버스'에 6천억 몰려,http://www.fnnews.com/news/202605011512387934
"“올해 기준금리 두번 오른다”…증권가 확산하는 금리 인상론, 이유가?",https://www.mk.co.kr/article/12033481
벤츠·BMW 홀린 K-배터리…보릿고개 지나 기지개 켠다,https://www.sedaily.com/article/20039382?ref=naver
코스피 사상 최고 와중에 “너무 올랐다”…증권가가 ‘매수’ 접은 종목들,https://www.mk.co.kr/article/12034143
"“올해 주가 100만원 간다”…‘신고가’ 기록하더니, ‘황제주’ 전망까지 나온 ‘이 주식’",https://biz.heraldcorp.com/article/10729971?ref=naver
"삼성전자, 30만원 갈까…역대급 실적에 증권가 눈높이 줄상향",https://www.dailian.co.kr/news/view/1640256/?sc=Naver
"""6월 전에 무조건 매수""…미국發 호재에 역대급 매출 기대된다는 종목[주末머니]",https://view.asiae.co.kr/article/2026042916071087496
‘코스피 8000’ 바라보는데 일부 곱버스 상폐…하락에 베팅한 개미 ‘눈물’ [증시레이더],https://www.ddaily.co.kr/page/view/2026050208040210372
