title,press,time,url
"고연봉 대기업 노조 잇단 '성과급 몽니'… 경영참여 요구까지 [재계 위...]","파이낸셜뉴스","2026.05.03 18:56","https://n.news.naver.com/mnews/article/014/0005516636"
"국내 증시 '시총 6천조' 시대…'1조 클럽' 사상 첫 400곳 돌파","매일신문","2026.05.03 18:39","https://n.news.naver.com/mnews/article/088/0001008232"
"증시 시총 6000조… 1조 클럽도 400곳","부산일보","2026.05.03 18:00","https://n.news.naver.com/mnews/article/082/0001378942"
"[기획] “나만 잘 살면 돼”… 산업 흔드는 노조 이기주의","디지털타임스","2026.05.03 18:38","https://n.news.naver.com/mnews/article/029/0003024888"
"\"\"韓 필수 동맹국\"\" 콕 찍은 빅테크 수장들… 1년새 7명 방문","파이낸셜뉴스","2026.05.03 18:35","https://n.news.naver.com/mnews/article/014/0005516596"
"하이테크로 질주… ‘K 레이싱 시대’","서울신문","2026.05.03 18:27","https://n.news.naver.com/mnews/article/081/0003640652"
"에이피알, 타임지 선정 ‘세계 영향력 있는 100대 기업’...국내 기...","조선일보","2026.05.03 18:11","https://n.news.naver.com/mnews/article/023/0003974386"
"장원영 앞세우더니 일냈다…'한국서 유일' 반응 터진 기업","한국경제","2026.05.03 17:15","https://n.news.naver.com/mnews/article/015/0005282487"
"현대차그룹, 美서 '최고의 하이브리드·전기차' 7관왕","한국경제","2026.05.03 17:35","https://n.news.naver.com/mnews/article/015/0005282500"
"현대차그룹, US뉴스 ‘하이브리드·전기차 어워즈’ 7개부문 수상","중앙일보","2026.05.03 16:25","https://n.news.naver.com/mnews/article/025/0003520698"
